test_type,context,metric,comparison,bonf_p,sig_95,sig_99
between_configs,all_data,roc_auc,config_i vs config_ii,0.00643859711730407,True,True
between_configs,all_data,roc_auc,config_i vs config_iii,0.003554085570408173,True,True
between_configs,all_data,roc_auc,config_i vs config_iv,1.0399839865194633e-05,True,True
between_configs,all_data,roc_auc,config_ii vs config_iii,0.0003464498905724763,True,True
between_configs,all_data,roc_auc,config_ii vs config_iv,1.0360636593677988e-05,True,True
between_configs,all_data,roc_auc,config_iii vs config_iv,0.1598075918269859,False,False
between_configs,all_data,f1,config_i vs config_ii,0.003850877220675534,True,True
between_configs,all_data,f1,config_i vs config_iii,0.011236245507057145,True,False
between_configs,all_data,f1,config_i vs config_iv,0.00012196370728538479,True,True
between_configs,all_data,f1,config_ii vs config_iii,0.28923234994744695,False,False
between_configs,all_data,f1,config_ii vs config_iv,0.01162191851948851,True,False
between_configs,all_data,f1,config_iii vs config_iv,1.0,False,False
between_configs,all_data,precision,config_i vs config_ii,0.0009873903239141467,True,True
between_configs,all_data,precision,config_i vs config_iii,1.0,False,False
between_configs,all_data,precision,config_i vs config_iv,0.05652741952102473,False,False
between_configs,all_data,precision,config_ii vs config_iii,0.16801106863823909,False,False
between_configs,all_data,precision,config_ii vs config_iv,1.0,False,False
between_configs,all_data,precision,config_iii vs config_iv,0.43060812453532116,False,False
between_configs,all_data,tp,config_i vs config_ii,0.0006203718148610289,True,True
between_configs,all_data,tp,config_i vs config_iii,0.0005319116537860036,True,True
between_configs,all_data,tp,config_i vs config_iv,1.0315055483262331e-05,True,True
between_configs,all_data,tp,config_ii vs config_iii,0.0005772286229784995,True,True
between_configs,all_data,tp,config_ii vs config_iv,1.5295837203677324e-05,True,True
between_configs,all_data,tp,config_iii vs config_iv,1.0,False,False
between_configs,all_data,fp,config_i vs config_ii,0.7837682922107451,False,False
between_configs,all_data,fp,config_i vs config_iii,0.002818371737191135,True,True
between_configs,all_data,fp,config_i vs config_iv,1.4042719572810544e-05,True,True
between_configs,all_data,fp,config_ii vs config_iii,0.0031615500816719894,True,True
between_configs,all_data,fp,config_ii vs config_iv,1.1432348818598231e-05,True,True
between_configs,all_data,fp,config_iii vs config_iv,1.0,False,False
between_configs,all_data,tn,config_i vs config_ii,0.7837682922107451,False,False
between_configs,all_data,tn,config_i vs config_iii,0.002818371737191135,True,True
between_configs,all_data,tn,config_i vs config_iv,1.4042719572810544e-05,True,True
between_configs,all_data,tn,config_ii vs config_iii,0.0031615500816719894,True,True
between_configs,all_data,tn,config_ii vs config_iv,1.1432348818598231e-05,True,True
between_configs,all_data,tn,config_iii vs config_iv,1.0,False,False
between_configs,all_data,fn,config_i vs config_ii,0.0006203718148610289,True,True
between_configs,all_data,fn,config_i vs config_iii,0.0005319116537860036,True,True
between_configs,all_data,fn,config_i vs config_iv,1.0315055483262331e-05,True,True
between_configs,all_data,fn,config_ii vs config_iii,0.0005772286229784995,True,True
between_configs,all_data,fn,config_ii vs config_iv,1.5295837203677324e-05,True,True
between_configs,all_data,fn,config_iii vs config_iv,1.0,False,False
between_configs,all_features,roc_auc,config_i vs config_ii,0.008885516666229757,True,True
between_configs,all_features,roc_auc,config_i vs config_iii,0.08624798444583891,False,False
between_configs,all_features,roc_auc,config_i vs config_iv,0.000346606424104451,True,True
between_configs,all_features,roc_auc,config_ii vs config_iii,0.0009651046894214826,True,True
between_configs,all_features,roc_auc,config_ii vs config_iv,3.284816877563139e-05,True,True
between_configs,all_features,roc_auc,config_iii vs config_iv,0.679372761077455,False,False
between_configs,all_features,f1,config_i vs config_ii,0.48643655647741607,False,False
between_configs,all_features,f1,config_i vs config_iii,0.015442293450015585,True,False
between_configs,all_features,f1,config_i vs config_iv,0.015212955297322299,True,False
between_configs,all_features,f1,config_ii vs config_iii,0.015301305830779287,True,False
between_configs,all_features,f1,config_ii vs config_iv,0.14903001449168857,False,False
between_configs,all_features,f1,config_iii vs config_iv,1.0,False,False
between_configs,all_features,tp,config_i vs config_ii,0.12133777715247793,False,False
between_configs,all_features,tp,config_i vs config_iii,0.000129261906047325,True,True
between_configs,all_features,tp,config_i vs config_iv,1.8104524896648663e-05,True,True
between_configs,all_features,tp,config_ii vs config_iii,0.0007778823558192037,True,True
between_configs,all_features,tp,config_ii vs config_iv,3.4372881130409706e-05,True,True
between_configs,all_features,tp,config_iii vs config_iv,1.0,False,False
between_configs,all_features,fp,config_i vs config_ii,1.0,False,False
between_configs,all_features,fp,config_i vs config_iii,0.0026487204520865234,True,True
between_configs,all_features,fp,config_i vs config_iv,7.048722919376658e-05,True,True
between_configs,all_features,fp,config_ii vs config_iii,0.0026123062692743775,True,True
between_configs,all_features,fp,config_ii vs config_iv,6.422425673204834e-05,True,True
between_configs,all_features,fp,config_iii vs config_iv,1.0,False,False
between_configs,all_features,tn,config_i vs config_ii,1.0,False,False
between_configs,all_features,tn,config_i vs config_iii,0.0026487204520865234,True,True
between_configs,all_features,tn,config_i vs config_iv,7.048722919376658e-05,True,True
between_configs,all_features,tn,config_ii vs config_iii,0.0026123062692743775,True,True
between_configs,all_features,tn,config_ii vs config_iv,6.422425673204834e-05,True,True
between_configs,all_features,tn,config_iii vs config_iv,1.0,False,False
between_configs,all_features,fn,config_i vs config_ii,0.12133777715247793,False,False
between_configs,all_features,fn,config_i vs config_iii,0.000129261906047325,True,True
between_configs,all_features,fn,config_i vs config_iv,1.8104524896648663e-05,True,True
between_configs,all_features,fn,config_ii vs config_iii,0.0007778823558192037,True,True
between_configs,all_features,fn,config_ii vs config_iv,3.4372881130409706e-05,True,True
between_configs,all_features,fn,config_iii vs config_iv,1.0,False,False
between_configs,all_samples,roc_auc,config_i vs config_ii,0.003655297878267551,True,True
between_configs,all_samples,roc_auc,config_i vs config_iii,0.00026658826935771577,True,True
between_configs,all_samples,roc_auc,config_i vs config_iv,2.3265706508659534e-05,True,True
between_configs,all_samples,roc_auc,config_ii vs config_iii,4.599212538357923e-05,True,True
between_configs,all_samples,roc_auc,config_ii vs config_iv,1.0386758369518373e-05,True,True
between_configs,all_samples,roc_auc,config_iii vs config_iv,0.5147780155454764,False,False
between_configs,all_samples,f1,config_i vs config_ii,0.899623461235441,False,False
between_configs,all_samples,f1,config_i vs config_iii,0.028540112723629333,True,False
between_configs,all_samples,f1,config_i vs config_iv,0.003300531094722484,True,True
between_configs,all_samples,f1,config_ii vs config_iii,0.22685361861591433,False,False
between_configs,all_samples,f1,config_ii vs config_iv,0.00558432373196949,True,True
between_configs,all_samples,f1,config_iii vs config_iv,1.0,False,False
between_configs,all_samples,tp,config_i vs config_ii,0.08447980157353437,False,False
between_configs,all_samples,tp,config_i vs config_iii,8.117946731981142e-05,True,True
between_configs,all_samples,tp,config_i vs config_iv,3.739651395016368e-05,True,True
between_configs,all_samples,tp,config_ii vs config_iii,9.811368909504214e-05,True,True
between_configs,all_samples,tp,config_ii vs config_iv,1.9911916534972805e-05,True,True
between_configs,all_samples,tp,config_iii vs config_iv,1.0,False,False
between_configs,all_samples,fp,config_i vs config_ii,1.0,False,False
between_configs,all_samples,fp,config_i vs config_iii,0.00022261038860456767,True,True
between_configs,all_samples,fp,config_i vs config_iv,0.00020382736024440398,True,True
between_configs,all_samples,fp,config_ii vs config_iii,0.00021307273140612536,True,True
between_configs,all_samples,fp,config_ii vs config_iv,0.0002732485240375697,True,True
between_configs,all_samples,fp,config_iii vs config_iv,1.0,False,False
between_configs,all_samples,tn,config_i vs config_ii,1.0,False,False
between_configs,all_samples,tn,config_i vs config_iii,0.00022261038860456767,True,True
between_configs,all_samples,tn,config_i vs config_iv,0.00020382736024440398,True,True
between_configs,all_samples,tn,config_ii vs config_iii,0.00021307273140612536,True,True
between_configs,all_samples,tn,config_ii vs config_iv,0.0002732485240375697,True,True
between_configs,all_samples,tn,config_iii vs config_iv,1.0,False,False
between_configs,all_samples,fn,config_i vs config_ii,0.08447980157353437,False,False
between_configs,all_samples,fn,config_i vs config_iii,8.117946731981142e-05,True,True
between_configs,all_samples,fn,config_i vs config_iv,3.739651395016368e-05,True,True
between_configs,all_samples,fn,config_ii vs config_iii,9.811368909504214e-05,True,True
between_configs,all_samples,fn,config_ii vs config_iv,1.9911916534972805e-05,True,True
between_configs,all_samples,fn,config_iii vs config_iv,1.0,False,False
between_configs,edca,roc_auc,config_i vs config_ii,0.004613903523646393,True,True
between_configs,edca,roc_auc,config_i vs config_iii,0.004974725767251482,True,True
between_configs,edca,roc_auc,config_i vs config_iv,0.0001555729871643182,True,True
between_configs,edca,roc_auc,config_ii vs config_iii,9.610614501463214e-05,True,True
between_configs,edca,roc_auc,config_ii vs config_iv,1.9067244568358948e-05,True,True
between_configs,edca,roc_auc,config_iii vs config_iv,0.5264383876353854,False,False
between_configs,edca,f1,config_i vs config_ii,1.0,False,False
between_configs,edca,f1,config_i vs config_iii,0.026686049111700215,True,False
between_configs,edca,f1,config_i vs config_iv,0.12831340639329494,False,False
between_configs,edca,f1,config_ii vs config_iii,0.03372209061129184,True,False
between_configs,edca,f1,config_ii vs config_iv,0.3338610524308009,False,False
between_configs,edca,f1,config_iii vs config_iv,1.0,False,False
between_configs,edca,tp,config_i vs config_ii,0.47718363736433167,False,False
between_configs,edca,tp,config_i vs config_iii,3.79491967983578e-05,True,True
between_configs,edca,tp,config_i vs config_iv,0.0003456680407928427,True,True
between_configs,edca,tp,config_ii vs config_iii,5.843232983185909e-05,True,True
between_configs,edca,tp,config_ii vs config_iv,0.0003314757019699288,True,True
between_configs,edca,tp,config_iii vs config_iv,1.0,False,False
between_configs,edca,fp,config_i vs config_ii,1.0,False,False
between_configs,edca,fp,config_i vs config_iii,0.000714785543192837,True,True
between_configs,edca,fp,config_i vs config_iv,0.0012789510861018752,True,True
between_configs,edca,fp,config_ii vs config_iii,0.0004304682451209586,True,True
between_configs,edca,fp,config_ii vs config_iv,0.0014826421472039055,True,True
between_configs,edca,fp,config_iii vs config_iv,1.0,False,False
between_configs,edca,tn,config_i vs config_ii,1.0,False,False
between_configs,edca,tn,config_i vs config_iii,0.000714785543192837,True,True
between_configs,edca,tn,config_i vs config_iv,0.0012789510861018752,True,True
between_configs,edca,tn,config_ii vs config_iii,0.0004304682451209586,True,True
between_configs,edca,tn,config_ii vs config_iv,0.0014826421472039055,True,True
between_configs,edca,tn,config_iii vs config_iv,1.0,False,False
between_configs,edca,fn,config_i vs config_ii,0.47718363736433167,False,False
between_configs,edca,fn,config_i vs config_iii,3.79491967983578e-05,True,True
between_configs,edca,fn,config_i vs config_iv,0.0003456680407928427,True,True
between_configs,edca,fn,config_ii vs config_iii,5.843232983185909e-05,True,True
between_configs,edca,fn,config_ii vs config_iv,0.0003314757019699288,True,True
between_configs,edca,fn,config_iii vs config_iv,1.0,False,False
within_config,config_iv,roc_auc,all_data vs all_features,0.08888773425827044,False,False
within_config,config_iv,roc_auc,all_data vs all_samples,1.0,False,False
within_config,config_iv,roc_auc,all_data vs edca,0.6129375775309169,False,False
within_config,config_iv,roc_auc,all_data vs selected_image,4.838008881642749e-05,True,True
within_config,config_iv,roc_auc,all_data vs selected_tabular,0.1039809356866333,False,False
within_config,config_iv,roc_auc,all_data vs all_tabular,0.028767834246043424,True,False
within_config,config_iv,roc_auc,all_data vs all_image,4.8197620502937904e-05,True,True
within_config,config_iv,roc_auc,all_features vs all_samples,0.7665906178704027,False,False
within_config,config_iv,roc_auc,all_features vs edca,1.0,False,False
within_config,config_iv,roc_auc,all_features vs selected_image,4.8502054528035195e-05,True,True
within_config,config_iv,roc_auc,all_features vs selected_tabular,1.0,False,False
within_config,config_iv,roc_auc,all_features vs all_tabular,1.0,False,False
within_config,config_iv,roc_auc,all_features vs all_image,4.8502054528035195e-05,True,True
within_config,config_iv,roc_auc,all_samples vs edca,1.0,False,False
within_config,config_iv,roc_auc,all_samples vs selected_image,4.8441039620123486e-05,True,True
within_config,config_iv,roc_auc,all_samples vs selected_tabular,0.14851117807235095,False,False
within_config,config_iv,roc_auc,all_samples vs all_tabular,0.29130446997410175,False,False
within_config,config_iv,roc_auc,all_samples vs all_image,4.841055620854811e-05,True,True
within_config,config_iv,roc_auc,edca vs selected_image,4.8502054528035195e-05,True,True
within_config,config_iv,roc_auc,edca vs selected_tabular,1.0,False,False
within_config,config_iv,roc_auc,edca vs all_tabular,1.0,False,False
within_config,config_iv,roc_auc,edca vs all_image,4.8532586037574956e-05,True,True
within_config,config_iv,roc_auc,selected_image vs selected_tabular,4.8471539057752406e-05,True,True
within_config,config_iv,roc_auc,selected_image vs all_tabular,4.8319202064162504e-05,True,True
within_config,config_iv,roc_auc,selected_image vs all_image,1.0,False,False
within_config,config_iv,roc_auc,selected_tabular vs all_tabular,1.0,False,False
within_config,config_iv,roc_auc,selected_tabular vs all_image,4.8502054528035195e-05,True,True
within_config,config_iv,roc_auc,all_tabular vs all_image,4.741355114913411e-05,True,True
within_config,config_iv,f1,all_data vs all_features,1.0,False,False
within_config,config_iv,f1,all_data vs all_samples,1.0,False,False
within_config,config_iv,f1,all_data vs edca,1.0,False,False
within_config,config_iv,f1,all_data vs selected_image,4.82583793105742e-05,True,True
within_config,config_iv,f1,all_data vs selected_tabular,1.0,False,False
within_config,config_iv,f1,all_data vs all_tabular,1.0,False,False
within_config,config_iv,f1,all_data vs all_image,4.7985467490054855e-05,True,True
within_config,config_iv,f1,all_features vs all_samples,1.0,False,False
within_config,config_iv,f1,all_features vs edca,1.0,False,False
within_config,config_iv,f1,all_features vs selected_image,4.841055620854811e-05,True,True
within_config,config_iv,f1,all_features vs selected_tabular,1.0,False,False
within_config,config_iv,f1,all_features vs all_tabular,1.0,False,False
within_config,config_iv,f1,all_features vs all_image,4.82583793105742e-05,True,True
within_config,config_iv,f1,all_samples vs edca,1.0,False,False
within_config,config_iv,f1,all_samples vs selected_image,4.841055620854811e-05,True,True
within_config,config_iv,f1,all_samples vs selected_tabular,1.0,False,False
within_config,config_iv,f1,all_samples vs all_tabular,1.0,False,False
within_config,config_iv,f1,all_samples vs all_image,4.841055620854811e-05,True,True
within_config,config_iv,f1,edca vs selected_image,4.8349637437163946e-05,True,True
within_config,config_iv,f1,edca vs selected_tabular,1.0,False,False
within_config,config_iv,f1,edca vs all_tabular,1.0,False,False
within_config,config_iv,f1,edca vs all_image,4.810660207487887e-05,True,True
within_config,config_iv,f1,selected_image vs selected_tabular,4.7924995787520716e-05,True,True
within_config,config_iv,f1,selected_image vs all_tabular,4.8349637437163946e-05,True,True
within_config,config_iv,f1,selected_image vs all_image,0.04334340469375235,True,False
within_config,config_iv,f1,selected_tabular vs all_tabular,1.0,False,False
within_config,config_iv,f1,selected_tabular vs all_image,4.8197620502937904e-05,True,True
within_config,config_iv,f1,all_tabular vs all_image,4.771384577885092e-05,True,True
within_config,config_iv,precision,all_data vs all_features,1.0,False,False
within_config,config_iv,precision,all_data vs all_samples,1.0,False,False
within_config,config_iv,precision,all_data vs edca,1.0,False,False
within_config,config_iv,precision,all_data vs selected_image,0.0001084456110760926,True,True
within_config,config_iv,precision,all_data vs selected_tabular,1.0,False,False
within_config,config_iv,precision,all_data vs all_tabular,1.0,False,False
within_config,config_iv,precision,all_data vs all_image,4.8046002901643336e-05,True,True
within_config,config_iv,precision,all_features vs all_samples,1.0,False,False
within_config,config_iv,precision,all_features vs edca,1.0,False,False
within_config,config_iv,precision,all_features vs selected_image,0.00014572725948075918,True,True
within_config,config_iv,precision,all_features vs selected_tabular,1.0,False,False
within_config,config_iv,precision,all_features vs all_tabular,1.0,False,False
within_config,config_iv,precision,all_features vs all_image,4.841055620854811e-05,True,True
within_config,config_iv,precision,all_samples vs edca,1.0,False,False
within_config,config_iv,precision,all_samples vs selected_image,0.0001946740449896228,True,True
within_config,config_iv,precision,all_samples vs selected_tabular,1.0,False,False
within_config,config_iv,precision,all_samples vs all_tabular,1.0,False,False
within_config,config_iv,precision,all_samples vs all_image,4.8319202064162504e-05,True,True
within_config,config_iv,precision,edca vs selected_image,0.00021486775157785848,True,True
within_config,config_iv,precision,edca vs selected_tabular,1.0,False,False
within_config,config_iv,precision,edca vs all_tabular,1.0,False,False
within_config,config_iv,precision,edca vs all_image,4.828878269082996e-05,True,True
within_config,config_iv,precision,selected_image vs selected_tabular,0.00014581083983158244,True,True
within_config,config_iv,precision,selected_image vs all_tabular,0.00013180636921299017,True,True
within_config,config_iv,precision,selected_image vs all_image,1.0,False,False
within_config,config_iv,precision,selected_tabular vs all_tabular,1.0,False,False
within_config,config_iv,precision,selected_tabular vs all_image,4.8471539057752406e-05,True,True
within_config,config_iv,precision,all_tabular vs all_image,4.7924995787520716e-05,True,True
within_config,config_iv,tp,all_data vs all_features,0.29367708513725715,False,False
within_config,config_iv,tp,all_data vs all_samples,1.0,False,False
within_config,config_iv,tp,all_data vs edca,0.1347685719658329,False,False
within_config,config_iv,tp,all_data vs selected_image,4.841055620854811e-05,True,True
within_config,config_iv,tp,all_data vs selected_tabular,1.0,False,False
within_config,config_iv,tp,all_data vs all_tabular,0.434507099409841,False,False
within_config,config_iv,tp,all_data vs all_image,4.753347900195663e-05,True,True
within_config,config_iv,tp,all_features vs all_samples,1.0,False,False
within_config,config_iv,tp,all_features vs edca,1.0,False,False
within_config,config_iv,tp,all_features vs selected_image,4.841055620854811e-05,True,True
within_config,config_iv,tp,all_features vs selected_tabular,1.0,False,False
within_config,config_iv,tp,all_features vs all_tabular,1.0,False,False
within_config,config_iv,tp,all_features vs all_image,4.8349637437163946e-05,True,True
within_config,config_iv,tp,all_samples vs edca,0.047607942704016824,True,False
within_config,config_iv,tp,all_samples vs selected_image,4.8227991916806055e-05,True,True
within_config,config_iv,tp,all_samples vs selected_tabular,1.0,False,False
within_config,config_iv,tp,all_samples vs all_tabular,1.0,False,False
within_config,config_iv,tp,all_samples vs all_image,4.841055620854811e-05,True,True
within_config,config_iv,tp,edca vs selected_image,4.8349637437163946e-05,True,True
within_config,config_iv,tp,edca vs selected_tabular,1.0,False,False
within_config,config_iv,tp,edca vs all_tabular,1.0,False,False
within_config,config_iv,tp,edca vs all_image,4.838008881642749e-05,True,True
within_config,config_iv,tp,selected_image vs selected_tabular,4.8076294514767234e-05,True,True
within_config,config_iv,tp,selected_image vs all_tabular,4.8167265062382946e-05,True,True
within_config,config_iv,tp,selected_image vs all_image,0.19395862923527743,False,False
within_config,config_iv,tp,selected_tabular vs all_tabular,1.0,False,False
within_config,config_iv,tp,selected_tabular vs all_image,5.295218499719363e-05,True,True
within_config,config_iv,tp,all_tabular vs all_image,4.5297682705725e-05,True,True
within_config,config_iv,fp,all_data vs all_features,0.05765804100507623,False,False
within_config,config_iv,fp,all_data vs all_samples,1.0,False,False
within_config,config_iv,fp,all_data vs edca,0.03335457310718805,True,False
within_config,config_iv,fp,all_data vs selected_image,0.019967965665623973,True,False
within_config,config_iv,fp,all_data vs selected_tabular,1.0,False,False
within_config,config_iv,fp,all_data vs all_tabular,1.0,False,False
within_config,config_iv,fp,all_data vs all_image,0.014097230535626308,True,False
within_config,config_iv,fp,all_features vs all_samples,0.19099217523612733,False,False
within_config,config_iv,fp,all_features vs edca,1.0,False,False
within_config,config_iv,fp,all_features vs selected_image,0.002955723225262782,True,True
within_config,config_iv,fp,all_features vs selected_tabular,0.5619824385645773,False,False
within_config,config_iv,fp,all_features vs all_tabular,1.0,False,False
within_config,config_iv,fp,all_features vs all_image,0.0012973284444639417,True,True
within_config,config_iv,fp,all_samples vs edca,0.006079985827206403,True,True
within_config,config_iv,fp,all_samples vs selected_image,0.018516388148281392,True,False
within_config,config_iv,fp,all_samples vs selected_tabular,1.0,False,False
within_config,config_iv,fp,all_samples vs all_tabular,0.4458847424537755,False,False
within_config,config_iv,fp,all_samples vs all_image,0.0034886007804220947,True,True
within_config,config_iv,fp,edca vs selected_image,0.002827280370150636,True,True
within_config,config_iv,fp,edca vs selected_tabular,1.0,False,False
within_config,config_iv,fp,edca vs all_tabular,1.0,False,False
within_config,config_iv,fp,edca vs all_image,0.0005493590971085108,True,True
within_config,config_iv,fp,selected_image vs selected_tabular,0.008902510605219991,True,True
within_config,config_iv,fp,selected_image vs all_tabular,0.0005479697318179088,True,True
within_config,config_iv,fp,selected_image vs all_image,1.0,False,False
within_config,config_iv,fp,selected_tabular vs all_tabular,0.46900971590877993,False,False
within_config,config_iv,fp,selected_tabular vs all_image,0.003215755180186775,True,True
within_config,config_iv,fp,all_tabular vs all_image,0.0002091957558941175,True,True
within_config,config_iv,tn,all_data vs all_features,0.05765804100507623,False,False
within_config,config_iv,tn,all_data vs all_samples,1.0,False,False
within_config,config_iv,tn,all_data vs edca,0.03335457310718805,True,False
within_config,config_iv,tn,all_data vs selected_image,0.019967965665623973,True,False
within_config,config_iv,tn,all_data vs selected_tabular,1.0,False,False
within_config,config_iv,tn,all_data vs all_tabular,1.0,False,False
within_config,config_iv,tn,all_data vs all_image,0.014097230535626308,True,False
within_config,config_iv,tn,all_features vs all_samples,0.19099217523612733,False,False
within_config,config_iv,tn,all_features vs edca,1.0,False,False
within_config,config_iv,tn,all_features vs selected_image,0.002955723225262782,True,True
within_config,config_iv,tn,all_features vs selected_tabular,0.5619824385645773,False,False
within_config,config_iv,tn,all_features vs all_tabular,1.0,False,False
within_config,config_iv,tn,all_features vs all_image,0.0012973284444639417,True,True
within_config,config_iv,tn,all_samples vs edca,0.006079985827206403,True,True
within_config,config_iv,tn,all_samples vs selected_image,0.018516388148281392,True,False
within_config,config_iv,tn,all_samples vs selected_tabular,1.0,False,False
within_config,config_iv,tn,all_samples vs all_tabular,0.4458847424537755,False,False
within_config,config_iv,tn,all_samples vs all_image,0.0034886007804220947,True,True
within_config,config_iv,tn,edca vs selected_image,0.002827280370150636,True,True
within_config,config_iv,tn,edca vs selected_tabular,1.0,False,False
within_config,config_iv,tn,edca vs all_tabular,1.0,False,False
within_config,config_iv,tn,edca vs all_image,0.0005493590971085108,True,True
within_config,config_iv,tn,selected_image vs selected_tabular,0.008902510605219991,True,True
within_config,config_iv,tn,selected_image vs all_tabular,0.0005479697318179088,True,True
within_config,config_iv,tn,selected_image vs all_image,1.0,False,False
within_config,config_iv,tn,selected_tabular vs all_tabular,0.46900971590877993,False,False
within_config,config_iv,tn,selected_tabular vs all_image,0.003215755180186775,True,True
within_config,config_iv,tn,all_tabular vs all_image,0.0002091957558941175,True,True
within_config,config_iv,fn,all_data vs all_features,0.29367708513725715,False,False
within_config,config_iv,fn,all_data vs all_samples,1.0,False,False
within_config,config_iv,fn,all_data vs edca,0.1347685719658329,False,False
within_config,config_iv,fn,all_data vs selected_image,4.841055620854811e-05,True,True
within_config,config_iv,fn,all_data vs selected_tabular,1.0,False,False
within_config,config_iv,fn,all_data vs all_tabular,0.434507099409841,False,False
within_config,config_iv,fn,all_data vs all_image,4.753347900195663e-05,True,True
within_config,config_iv,fn,all_features vs all_samples,1.0,False,False
within_config,config_iv,fn,all_features vs edca,1.0,False,False
within_config,config_iv,fn,all_features vs selected_image,4.841055620854811e-05,True,True
within_config,config_iv,fn,all_features vs selected_tabular,1.0,False,False
within_config,config_iv,fn,all_features vs all_tabular,1.0,False,False
within_config,config_iv,fn,all_features vs all_image,4.8349637437163946e-05,True,True
within_config,config_iv,fn,all_samples vs edca,0.047607942704016824,True,False
within_config,config_iv,fn,all_samples vs selected_image,4.8227991916806055e-05,True,True
within_config,config_iv,fn,all_samples vs selected_tabular,1.0,False,False
within_config,config_iv,fn,all_samples vs all_tabular,1.0,False,False
within_config,config_iv,fn,all_samples vs all_image,4.841055620854811e-05,True,True
within_config,config_iv,fn,edca vs selected_image,4.8349637437163946e-05,True,True
within_config,config_iv,fn,edca vs selected_tabular,1.0,False,False
within_config,config_iv,fn,edca vs all_tabular,1.0,False,False
within_config,config_iv,fn,edca vs all_image,4.838008881642749e-05,True,True
within_config,config_iv,fn,selected_image vs selected_tabular,4.8076294514767234e-05,True,True
within_config,config_iv,fn,selected_image vs all_tabular,4.8167265062382946e-05,True,True
within_config,config_iv,fn,selected_image vs all_image,0.19395862923527743,False,False
within_config,config_iv,fn,selected_tabular vs all_tabular,1.0,False,False
within_config,config_iv,fn,selected_tabular vs all_image,5.295218499719363e-05,True,True
within_config,config_iv,fn,all_tabular vs all_image,4.5297682705725e-05,True,True
